{"cameraMode":{"drawMode":0,"name":"Shaded","section":"Shading Mode"},"sceneLighting":false,"audioPlay":false,"sceneViewState":{"showFog":true,"showMaterialUpdate":false,"showSkybox":false,"showFlares":true,"showImageEffects":true,"showParticleSystems":true},"in2DMode":false,"pivot":{"x":-0.36036908626556399,"y":0.0065642595291137699,"z":-0.27422165870666506},"rotation":{"x":0.16484762728214265,"y":-0.6746321320533752,"z":0.15848416090011598,"w":0.701874315738678},"size":20.614225387573243,"orthographic":false}