{"cameraMode":{"drawMode":0,"name":"Shaded","section":"Shading Mode"},"sceneLighting":true,"audioPlay":false,"sceneViewState":{"showFog":true,"showMaterialUpdate":false,"showSkybox":true,"showFlares":true,"showImageEffects":true,"showParticleSystems":true},"in2DMode":false,"pivot":{"x":-101.92904663085938,"y":-50.46148681640625,"z":26.86602020263672},"rotation":{"x":-0.04524199292063713,"y":0.6407322287559509,"z":-0.03939923644065857,"w":-0.7656091451644898},"size":602.9357299804688,"orthographic":false}