{"cameraMode":{"drawMode":0,"name":"Shaded","section":"Shading Mode"},"sceneLighting":true,"audioPlay":false,"sceneViewState":{"showFog":true,"showMaterialUpdate":false,"showSkybox":false,"showFlares":true,"showImageEffects":true,"showParticleSystems":true},"in2DMode":false,"pivot":{"x":0.000013828277587890625,"y":0.27003222703933718,"z":1.376021146774292},"rotation":{"x":0.38763999938964846,"y":0.34954726696014407,"z":-0.16179300844669343,"w":0.8374814987182617},"size":2.909008026123047,"orthographic":false}