{"cameraMode":{"drawMode":0,"name":"Shaded","section":"Shading Mode"},"sceneLighting":true,"audioPlay":false,"sceneViewState":{"showFog":true,"showMaterialUpdate":false,"showSkybox":false,"showFlares":true,"showImageEffects":true,"showParticleSystems":true},"in2DMode":false,"pivot":{"x":4.907225608825684,"y":1.5805339813232422,"z":3.561166763305664},"rotation":{"x":0.10062755644321442,"y":0.22540342807769776,"z":-0.023412903770804406,"w":0.9687727689743042},"size":12.003111839294434,"orthographic":false}