{"cameraMode":{"drawMode":0,"name":"Shaded","section":"Shading Mode"},"sceneLighting":true,"audioPlay":false,"sceneViewState":{"showFog":true,"showMaterialUpdate":false,"showSkybox":true,"showFlares":true,"showImageEffects":true,"showParticleSystems":true},"in2DMode":false,"pivot":{"x":-16337.7587890625,"y":7566.5537109375,"z":-29871.29296875},"rotation":{"x":-0.007548347115516663,"y":0.9891726970672607,"z":0.13586698472499848,"w":0.0549553819000721},"size":2857.350830078125,"orthographic":false}