{"cameraMode":{"drawMode":0,"name":"Shaded","section":"Shading Mode"},"sceneLighting":true,"audioPlay":false,"sceneViewState":{"showFog":true,"showMaterialUpdate":false,"showSkybox":true,"showFlares":true,"showImageEffects":true,"showParticleSystems":true},"in2DMode":false,"pivot":{"x":0.9735054969787598,"y":76.36869812011719,"z":6.858551502227783},"rotation":{"x":0.013494201004505158,"y":-0.024580109864473344,"z":0.00036312249721959233,"w":0.9996398687362671},"size":6.645235538482666,"orthographic":false}