{"cameraMode":{"drawMode":0,"name":"Shaded","section":"Shading Mode"},"sceneLighting":true,"audioPlay":false,"sceneViewState":{"showFog":true,"showMaterialUpdate":false,"showSkybox":false,"showFlares":true,"showImageEffects":true,"showParticleSystems":true},"in2DMode":false,"pivot":{"x":-4.760000228881836,"y":1.5799999237060547,"z":10.529999732971192},"rotation":{"x":0.01755376346409321,"y":-0.22102122008800507,"z":0.00397881306707859,"w":0.9751031398773193},"size":12.003110885620118,"orthographic":false}