{"cameraMode":{"drawMode":0,"name":"Shaded","section":"Shading Mode"},"sceneLighting":true,"audioPlay":false,"sceneViewState":{"showFog":true,"showMaterialUpdate":false,"showSkybox":false,"showFlares":true,"showImageEffects":true,"showParticleSystems":true},"in2DMode":false,"pivot":{"x":6.611964225769043,"y":0.6284714937210083,"z":14.719234466552735},"rotation":{"x":0.10062755644321442,"y":0.22540342807769776,"z":-0.023412903770804406,"w":0.9687727689743042},"size":7.233208179473877,"orthographic":false}